Date,Sales
2022-01-01,1105.9738216353662
2022-01-02,859.9174308862762
2022-01-03,1067.0976899189018
2022-01-04,927.3175369012289
2022-01-05,990.7816579566506
2022-01-06,1216.635478219162
2022-01-07,1198.4501506987224
2022-01-08,1145.8468016148768
2022-01-09,1207.2144619586518
2022-01-10,955.1017870584602
2022-01-11,1153.7089972365104
2022-01-12,915.5183488505147
2022-01-13,1187.7109395027169
2022-01-14,1071.5793305495931
2022-01-15,1030.971495637627
2022-01-16,1057.7411314061833
2022-01-17,1015.687681857256
2022-01-18,1227.3628471426928
2022-01-19,1199.8649336123142
2022-01-20,1105.9189436292534
2022-01-21,1282.1503331930514
2022-01-22,1255.9914430363415
2022-01-23,1231.5992328869545
2022-01-24,1074.9096758682772
2022-01-25,1051.0186172552078
2022-01-26,1055.8657250455349
2022-01-27,1303.462311288008
2022-01-28,994.4714282391799
2022-01-29,989.7859306745579
2022-01-30,951.2938579140898
2022-01-31,1179.4891511557082
2022-02-01,1177.0000671262833
2022-02-02,1103.0218451909664
2022-02-03,1214.2666459222478
2022-02-04,1294.035405662797
2022-02-05,1195.2159612058163
2022-02-06,1323.4107037158915
2022-02-07,1077.75460106351
2022-02-08,1188.91363566925
2022-02-09,1373.665851349083
2022-02-10,1157.4241945245983
2022-02-11,1395.4502476232342
2022-02-12,1194.3723809374737
2022-02-13,1178.6221516593837
2022-02-14,1107.6375756077118
2022-02-15,1294.7346688602195
2022-02-16,1288.035722362746
2022-02-17,1284.2228246618606
2022-02-18,1410.4312798425394
2022-02-19,1365.056227715942
2022-02-20,1107.6930941691148
2022-02-21,1313.8060020332243
2022-02-22,1169.8452178135085
2022-02-23,1179.1993641031509
2022-02-24,1186.5977568482233
2022-02-25,1409.1633371693856
2022-02-26,1245.651651788477
2022-02-27,1287.2338453916238
2022-02-28,1432.7757569501123
2022-03-01,1340.308446318952
2022-03-02,1216.478946609305
2022-03-03,1267.438993044166
2022-03-04,1115.0495479140613
2022-03-05,1165.6630978740018
2022-03-06,1363.3962476897018
2022-03-07,1476.517398124737
2022-03-08,1244.0736544414297
2022-03-09,1318.2567999347852
2022-03-10,1359.9507558458645
2022-03-11,1515.1036447805332
2022-03-12,1458.65238125686
2022-03-13,1300.3687546512858
2022-03-14,1300.3862122241894
2022-03-15,1200.306053533393
2022-03-16,1284.715305686465
2022-03-17,1275.4334418535423
2022-03-18,1238.0970558740144
2022-03-19,1292.6747658288564
2022-03-20,1406.3942127925777
2022-03-21,1360.582663000465
2022-03-22,1320.925267834815
2022-03-23,1601.5698542524979
2022-03-24,1601.8561826847372
2022-03-25,1463.1247500409386
2022-03-26,1308.7857922663309
2022-03-27,1329.0400274054048
2022-03-28,1262.4905822164872
2022-03-29,1484.0778931425189
2022-03-30,1412.0687436263527
2022-03-31,1250.774466330846
2022-04-01,1536.9478524440467
2022-04-02,1637.0581126499892
2022-04-03,1280.33111420918
2022-04-04,1543.7012930377305
2022-04-05,1642.7120659597224
2022-04-06,1443.9490397887141
2022-04-07,1319.945259434567
2022-04-08,1503.409706451434
2022-04-09,1476.2319054381053
2022-04-10,1401.9065996413349
2022-04-11,1646.3453414391786
2022-04-12,1367.3819757305191
2022-04-13,1665.8798267363761
2022-04-14,1514.9199225258815
2022-04-15,1502.059329997013
2022-04-16,1356.6840171850401
2022-04-17,1622.8742061200112
2022-04-18,1452.7442078692898
2022-04-19,1546.7145369914554
2022-04-20,1666.2334536875792
2022-04-21,1387.1516149036117
2022-04-22,1461.3124651008598
2022-04-23,1712.7061319560091
2022-04-24,1760.2527098465202
2022-04-25,1383.0469966902892
2022-04-26,1575.126154995407
2022-04-27,1593.0608444621566
2022-04-28,1479.7123778365242
2022-04-29,1480.503769493883
2022-04-30,1573.38784766066
2022-05-01,1439.8784933056418
2022-05-02,1451.532091113803
2022-05-03,1520.5203769061534
2022-05-04,1471.9298069032839
2022-05-05,1470.5926849722384
2022-05-06,1436.5984116866439
2022-05-07,1716.0717170722337
2022-05-08,1436.5308897790942
2022-05-09,1622.2337594300739
2022-05-10,1510.9247568332096
2022-05-11,1840.470657405605
2022-05-12,1736.6214300142155
2022-05-13,1713.1500527177948
2022-05-14,1519.0377799650441
2022-05-15,1502.365302268817
2022-05-16,1831.605519893372
2022-05-17,1572.5244842038326
2022-05-18,1553.1278395709069
2022-05-19,1795.2769586501486
2022-05-20,1509.791723840229
2022-05-21,1608.8867733606544
2022-05-22,1561.0790438370182
2022-05-23,1650.8659787525912
2022-05-24,1868.6543132859333
2022-05-25,1555.460546670164
2022-05-26,1550.9143750764515
2022-05-27,1743.7324790655248
2022-05-28,1553.3818951602307
2022-05-29,1850.0690744003014
2022-05-30,1913.061262646815
2022-05-31,1572.9706339273816
2022-06-01,1830.6949121911312
2022-06-02,1899.0444090714436
2022-06-03,1790.280211742492
2022-06-04,1700.1922484081988
2022-06-05,1823.840192411744
2022-06-06,1910.6134939821643
2022-06-07,1892.236150552106
2022-06-08,1621.9808410023713
2022-06-09,1764.167749159868
2022-06-10,1836.4722557519008
2022-06-11,1793.8276025233044
2022-06-12,1661.2614225428888
2022-06-13,1993.6234659623528
2022-06-14,1837.7978993224312
2022-06-15,1801.5186490802878
2022-06-16,1829.44542128564
2022-06-17,1849.0452285294443
2022-06-18,1657.3354633514064
2022-06-19,1719.639667663788
2022-06-20,1675.585938407922
2022-06-21,1996.1629007075985
2022-06-22,2011.8959703510131
2022-06-23,1980.3406698315275
2022-06-24,1679.3874106241763
2022-06-25,1924.995193919895
2022-06-26,1957.2888179594552
2022-06-27,1848.184611872735
2022-06-28,1751.7396116726986
2022-06-29,2020.8187261214016
2022-06-30,1918.1000682265671
2022-07-01,2006.0284570156866
2022-07-02,1926.2055111930092
2022-07-03,2033.108202245688
2022-07-04,1901.7346230719627
2022-07-05,1913.8868770886133
2022-07-06,1852.1957876777162
2022-07-07,1757.87902774911
2022-07-08,1943.821448801461
2022-07-09,2000.9455920486303
2022-07-10,2146.3809041151403
2022-07-11,1974.2932990717948
2022-07-12,2009.6533958206626
2022-07-13,1823.678137978934
2022-07-14,1797.995589503115
2022-07-15,1807.3561697353487
2022-07-16,1993.2266854683294
2022-07-17,1786.253458654439
2022-07-18,1938.6711506164922
2022-07-19,1976.7325977738233
2022-07-20,1902.3035125886486
2022-07-21,2197.383409410556
2022-07-22,2169.634024980439
2022-07-23,2209.6852622388024
2022-07-24,1825.2891800365437
2022-07-25,1912.1888661849798
2022-07-26,2151.1263408077366
2022-07-27,2133.5611916306207
2022-07-28,2152.983341621817
2022-07-29,2241.915697465615
2022-07-30,2017.3255215456034
2022-07-31,1856.2823641090317
2022-08-01,1868.6841989993677
2022-08-02,2225.28680904097
2022-08-03,1974.0688655833274
2022-08-04,1907.6783722970924
2022-08-05,2100.241383060757
2022-08-06,2180.5861446450767
2022-08-07,2179.974887844302
2022-08-08,2076.4512640550993
2022-08-09,2075.987956637414
2022-08-10,2148.9005043930556
2022-08-11,1984.7441824473262
2022-08-12,2037.8322310765086
2022-08-13,2033.7671396768417
2022-08-14,2153.5324961133483
2022-08-15,2280.3176728652743
2022-08-16,2246.97932632853
2022-08-17,2097.382904443076
2022-08-18,2307.994858309557
2022-08-19,2203.3250159208
2022-08-20,1959.8050109563947
2022-08-21,1976.351106681038
2022-08-22,2081.166772099159
2022-08-23,2049.8708503341027
2022-08-24,2109.988252069689
2022-08-25,2334.4697919498562
2022-08-26,2330.5365332970623
2022-08-27,2210.350378387441
2022-08-28,2337.539996606727
2022-08-29,2311.597454235884
2022-08-30,2213.417248013354
2022-08-31,2262.4666637002706
2022-09-01,2240.798006691827
2022-09-02,2335.4484687839126
2022-09-03,2188.142833688448
2022-09-04,2294.017168077226
2022-09-05,2035.5517415505433
2022-09-06,2339.990756898891
2022-09-07,2330.9513526403816
2022-09-08,2421.232538063659
2022-09-09,2351.040769182213
2022-09-10,2330.0961593569023
2022-09-11,2287.60922242025
2022-09-12,2452.021898440318
2022-09-13,2147.0871204073887
2022-09-14,2458.9422042499427
2022-09-15,2338.512341898945
2022-09-16,2382.7975951310837
2022-09-17,2445.319912661253
2022-09-18,2335.8034814484226
2022-09-19,2193.0073164530213
2022-09-20,2296.201195662512
2022-09-21,2482.1920993118815
2022-09-22,2218.8775592435413
2022-09-23,2286.334077254524
2022-09-24,2522.380120673954
2022-09-25,2326.7200356880753
2022-09-26,2242.065877417861
2022-09-27,2521.398526047493
2022-09-28,2368.65503509897
2022-09-29,2458.4776063289282
2022-09-30,2519.0520254055
2022-10-01,2393.012482028579
2022-10-02,2365.7109744229224
2022-10-03,2493.3994673861826
2022-10-04,2263.477104932561
2022-10-05,2427.918314314142
2022-10-06,2286.539607950662
2022-10-07,2522.9708563046615
2022-10-08,2494.146768880679
2022-10-09,2374.918900585675
2022-10-10,2388.137310213075
2022-10-11,2487.3875668293767
2022-10-12,2244.6756244249736
2022-10-13,2524.648409593421
2022-10-14,2460.29562607845
2022-10-15,2322.742605498129
2022-10-16,2515.1883619608757
2022-10-17,2521.930983931807
2022-10-18,2317.9120567868463
2022-10-19,2566.8750050679573
2022-10-20,2591.302052450998
2022-10-21,2303.3778577128132
2022-10-22,2648.730751295547
2022-10-23,2285.230948504251
2022-10-24,2390.201883335444
2022-10-25,2330.9683339653743
2022-10-26,2377.6174961606225
2022-10-27,2462.1481196312593
2022-10-28,2530.8770562514874
2022-10-29,2413.5665085695127
2022-10-30,2375.0234351366516
2022-10-31,2321.571142853274
2022-11-01,2636.028911455887
2022-11-02,2331.5487009220983
2022-11-03,2497.018063451123
2022-11-04,2657.1667760721775
2022-11-05,2641.785888512821
2022-11-06,2469.1670471204834
2022-11-07,2567.1985996216413
2022-11-08,2513.7724858955344
2022-11-09,2630.1354631848144
2022-11-10,2542.581200122292
2022-11-11,2401.0070077605146
2022-11-12,2489.0520960500007
2022-11-13,2688.6913094962697
2022-11-14,2767.01541464394
2022-11-15,2746.336907136313
2022-11-16,2429.781752274618
2022-11-17,2410.133215214225
2022-11-18,2525.04803795481
2022-11-19,2691.880449586416
2022-11-20,2645.6379015017314
2022-11-21,2434.4253445026657
2022-11-22,2715.788176093746
2022-11-23,2718.0925317736546
2022-11-24,2595.245485742228
2022-11-25,2483.0425310459086
2022-11-26,2815.460250234041
2022-11-27,2661.635110608464
2022-11-28,2794.7842504177356
2022-11-29,2772.45080702937
2022-11-30,2789.4219024337463
2022-12-01,2811.0389824367676
2022-12-02,2485.5212849746513
2022-12-03,2552.4344085651246
2022-12-04,2714.725011153697
2022-12-05,2541.844636884438
2022-12-06,2505.714754331886
2022-12-07,2771.6414634320613
2022-12-08,2783.959546399781
2022-12-09,2593.7740308763455
2022-12-10,2768.5956747282066
2022-12-11,2562.5037064792023
2022-12-12,2861.2965198281386
2022-12-13,2901.2643604758146
2022-12-14,2695.8345930363985
2022-12-15,2752.844110596078
2022-12-16,2724.703387215839
2022-12-17,2674.075296337189
2022-12-18,2630.1761197600003
2022-12-19,2862.646822674912
2022-12-20,2639.8726419402083
2022-12-21,2613.5496272520227
2022-12-22,2741.8693879235766
2022-12-23,2691.813807573105
2022-12-24,2666.075950242569
2022-12-25,2601.812064853415
2022-12-26,2759.4563381020266
2022-12-27,2646.482516084995
2022-12-28,2630.1145094916264
2022-12-29,2721.697402133054
2022-12-30,2895.4666299180803
2022-12-31,2926.2213652471814
2023-01-01,2646.2486469668534
2023-01-02,2938.9556425876567
2023-01-03,2984.6653839266005
2023-01-04,2944.590306205644
2023-01-05,2795.0416728419805
2023-01-06,2969.4490827902973
2023-01-07,2851.2573541754564
2023-01-08,2760.00572013834
2023-01-09,2848.0250167641243
2023-01-10,2776.720586898409
2023-01-11,2872.8092240373803
2023-01-12,2814.7014045547626
2023-01-13,2841.7675783486575
2023-01-14,2952.105401963372
2023-01-15,3091.9662327479364
2023-01-16,2790.657509485143
2023-01-17,3091.575006252832
2023-01-18,2747.234280781486
2023-01-19,3073.4597589282066
2023-01-20,2830.6198306797355
2023-01-21,2852.752452861599
2023-01-22,2847.4010012964886
2023-01-23,2923.2768075213285
2023-01-24,2749.7517866310122
2023-01-25,3129.410211075979
2023-01-26,2795.834628454946
2023-01-27,2965.257178792113
2023-01-28,2904.6264109314
2023-01-29,3049.3631306139864
2023-01-30,3072.361899373607
2023-01-31,3045.764166295229
2023-02-01,2787.5770008910963
2023-02-02,3015.2220952643293
2023-02-03,3129.483441315068
2023-02-04,2867.026931854324
2023-02-05,2998.3617575486896
2023-02-06,3181.8188299269173
2023-02-07,2832.5591803038233
2023-02-08,3200.231203076967
2023-02-09,3100.9435795130444
2023-02-10,2963.414799535387
2023-02-11,2985.773068946482
2023-02-12,2896.8444876004182
2023-02-13,2994.171657036098
2023-02-14,2919.121926063626
2023-02-15,2907.0290184057535
2023-02-16,3038.453799263149
2023-02-17,2984.388617803696
2023-02-18,3037.287838037344
2023-02-19,3236.956774446546
2023-02-20,3234.6047735693373
2023-02-21,3185.393432864529
2023-02-22,3176.8376295983117
2023-02-23,3073.90232592853
2023-02-24,2993.641904944394
2023-02-25,3278.2800230426105
2023-02-26,3079.6044366474057
2023-02-27,3135.8958368740664
2023-02-28,3274.458319124
2023-03-01,2992.306825484282
2023-03-02,3243.472415005688
2023-03-03,2937.7936393103364
2023-03-04,3019.456806195676
2023-03-05,3162.70514338867
2023-03-06,3325.375556097598
2023-03-07,2992.278754094139
2023-03-08,3187.7595093740733
2023-03-09,3203.174738143699
2023-03-10,2965.2465425444943
2023-03-11,3152.3887130127273
2023-03-12,2991.0795161740048
2023-03-13,3135.3550838546844
2023-03-14,3079.437228395222
2023-03-15,3212.571601000347
2023-03-16,3004.960955167092
2023-03-17,3067.110985384499
2023-03-18,3114.6240481778964
2023-03-19,3251.5082956325523
2023-03-20,3302.6871411919
2023-03-21,3400.908083986909
2023-03-22,3412.9361264881727
2023-03-23,3149.8513346097875
2023-03-24,3191.4575074109844
2023-03-25,3334.876413470919
2023-03-26,3065.4968072630613
2023-03-27,3311.496752233451
2023-03-28,3217.4329683015867
2023-03-29,3362.6582180381524
2023-03-30,3202.3822222887043
2023-03-31,3260.251189792991
2023-04-01,3301.2950591338445
2023-04-02,3216.7624663748543
2023-04-03,3453.7967945589353
2023-04-04,3269.838957589611
2023-04-05,3462.106832239223
2023-04-06,3193.79654743604
2023-04-07,3293.223473799511
2023-04-08,3370.08086338676
2023-04-09,3217.165888664168
2023-04-10,3190.2279424764592
2023-04-11,3501.1277011703824
2023-04-12,3440.009388195865
2023-04-13,3204.773492034777
2023-04-14,3515.8431959978343
2023-04-15,3421.25146431367
2023-04-16,3349.0294170244697
2023-04-17,3193.1568864795418
2023-04-18,3497.309921683024
2023-04-19,3167.4846484768545
2023-04-20,3467.394293688303
2023-04-21,3548.3309037891245
2023-04-22,3506.667443885248
2023-04-23,3467.7730644503335
2023-04-24,3523.749140586847
2023-04-25,3430.411692172177
2023-04-26,3499.4459005725175
2023-04-27,3563.1029597304228
2023-04-28,3242.1117500727405
2023-04-29,3462.0074268866088
2023-04-30,3411.8151061882054
2023-05-01,3367.620180842472
2023-05-02,3368.5614912651918
2023-05-03,3318.7338241394714
2023-05-04,3304.314421991864
2023-05-05,3382.611179813846
2023-05-06,3400.283739846481
2023-05-07,3516.1389494105924
2023-05-08,3408.594806344206
2023-05-09,3638.279707861954
2023-05-10,3355.5488361082594
2023-05-11,3585.020386192596
2023-05-12,3645.937825998476
2023-05-13,3656.2449578935807
2023-05-14,3314.824055995174
2023-05-15,3657.565860605614
2023-05-16,3395.552766713002
2023-05-17,3634.133321710213
2023-05-18,3325.4298261488116
2023-05-19,3681.46654768291
2023-05-20,3411.284839040582
2023-05-21,3437.4941597984566
2023-05-22,3693.0659708955036
2023-05-23,3652.4627924215097
2023-05-24,3657.90823988377
2023-05-25,3403.9891381350667
2023-05-26,3460.239375144886
2023-05-27,3686.3490466929884
2023-05-28,3515.7327289440545
2023-05-29,3378.4433921811205
2023-05-30,3607.3656455489127
2023-05-31,3660.86426140512
2023-06-01,3699.341758677033
2023-06-02,3403.1689061014877
2023-06-03,3775.9421145922474
2023-06-04,3461.6703565121497
2023-06-05,3519.9890175245127
2023-06-06,3504.347962970404
2023-06-07,3699.5245745818993
2023-06-08,3659.997031758876
2023-06-09,3712.5435054440695
2023-06-10,3742.152314222597
2023-06-11,3537.9126957094454
2023-06-12,3499.816650320106
2023-06-13,3799.10504864415
2023-06-14,3482.5794878746037
2023-06-15,3560.2553056032707
2023-06-16,3669.157463149639
2023-06-17,3675.5943610151676
2023-06-18,3646.0241917039134
2023-06-19,3793.3764210705594
2023-06-20,3549.3534298669783
2023-06-21,3686.251626392412
2023-06-22,3700.901773956379
2023-06-23,3830.0960528092232
2023-06-24,3786.7884550581257
2023-06-25,3723.1652233111777
2023-06-26,3730.461314570349
2023-06-27,3513.855195230421
2023-06-28,3517.7631957166604
2023-06-29,3805.4361829955774
2023-06-30,3766.1576526304884
2023-07-01,3626.195559538844
2023-07-02,3877.0862702773525
2023-07-03,3609.276125285091
2023-07-04,3852.759168325316
2023-07-05,3790.8966539558437
2023-07-06,3555.2070678659293
2023-07-07,3780.5807412380727
2023-07-08,3920.71988866022
2023-07-09,3692.1265618829575
2023-07-10,3918.7624369438486
2023-07-11,3869.742546603705
2023-07-12,3628.4830722745405
2023-07-13,3807.2256066815853
2023-07-14,3870.888342703264
2023-07-15,3702.378829612696
2023-07-16,3797.2686301063177
2023-07-17,3902.583208637313
2023-07-18,3735.5080992254493
2023-07-19,3858.306395235886
2023-07-20,3703.376452912441
2023-07-21,3999.9936277593088
2023-07-22,3963.929273118004
2023-07-23,3751.231850988436
2023-07-24,3678.7204547387264
2023-07-25,3846.111840885927
2023-07-26,3974.588209838895
2023-07-27,3926.369632387581
2023-07-28,3711.619579779886
2023-07-29,3987.97670847878
2023-07-30,3798.506124278479
2023-07-31,3707.406267692805
2023-08-01,3762.2977757787176
2023-08-02,3810.999288222094
2023-08-03,3858.2644728096025
2023-08-04,3701.4987201734652
2023-08-05,3882.2410048460215
2023-08-06,3951.301959642884
2023-08-07,3986.5076175815157
2023-08-08,3921.0156551436194
2023-08-09,3858.13886926947
2023-08-10,4129.394545509803
2023-08-11,3873.8606527409015
2023-08-12,4011.9034202540824
2023-08-13,4128.008253111948
2023-08-14,3863.821760783543
2023-08-15,3996.7025931976145
2023-08-16,3866.1717238865263
2023-08-17,4059.045710223914
2023-08-18,3809.3722849888045
2023-08-19,3780.413033799557
2023-08-20,4145.09868980213
2023-08-21,4132.527969896918
2023-08-22,3881.2376292180193
2023-08-23,4100.25232306215
2023-08-24,3837.7741938061486
2023-08-25,4072.917546706483
2023-08-26,4125.08092274766
2023-08-27,4053.8363756940694
2023-08-28,4176.885361646344
2023-08-29,4177.695789989785
2023-08-30,4006.903748656235
2023-08-31,4027.5799877113363
2023-09-01,3848.709101663779
2023-09-02,4030.6080774331526
2023-09-03,3920.3022623869506
2023-09-04,3943.163608500725
2023-09-05,4141.567286316571
2023-09-06,3990.153533602734
2023-09-07,4200.801457136416
2023-09-08,4272.2809202141725
2023-09-09,3886.392175333622
2023-09-10,3936.377365533446
2023-09-11,3988.4394653585587
2023-09-12,4003.2350075952177
2023-09-13,4289.261029404717
2023-09-14,4269.337291504655
2023-09-15,4187.434476543111
2023-09-16,4100.2680695152485
2023-09-17,4215.419135182426
2023-09-18,4255.366718495238
2023-09-19,4016.5278293244564
2023-09-20,4150.86334469794
2023-09-21,4273.517814919446
2023-09-22,4242.487466033582
2023-09-23,4245.23799757089
2023-09-24,4019.9412218654547
2023-09-25,3966.124641018969
2023-09-26,4085.179238546638
2023-09-27,4330.746472267138
2023-09-28,4099.792297002852
2023-09-29,4174.890494889528
2023-09-30,4204.895592572497
2023-10-01,4157.787251421574
2023-10-02,4037.1359092184243
2023-10-03,4372.535522077413
2023-10-04,4351.047869559843
2023-10-05,4046.5471013320052
2023-10-06,4166.402072483385
2023-10-07,4184.39735419206
2023-10-08,4055.05297470029
2023-10-09,4133.134714816437
2023-10-10,4284.251839813498
2023-10-11,4156.164539480255
2023-10-12,4386.966360440442
2023-10-13,4155.18492909435
2023-10-14,4427.493209469982
2023-10-15,4298.771625308093
2023-10-16,4138.886513108512
2023-10-17,4099.345599482816
2023-10-18,4471.177238022741
2023-10-19,4472.45167602247
2023-10-20,4162.87217278829
2023-10-21,4271.638552262129
2023-10-22,4179.31155774255
2023-10-23,4457.748357301215
2023-10-24,4269.7483024726225
2023-10-25,4344.432547060721
2023-10-26,4426.488852032751
2023-10-27,4411.053582165514
2023-10-28,4438.963538365315
2023-10-29,4171.4104301115185
2023-10-30,4354.999401145054
2023-10-31,4376.275767811284
2023-11-01,4392.348332636701
2023-11-02,4381.654893114903
2023-11-03,4309.808576765357
2023-11-04,4237.126022574071
2023-11-05,4540.356222235792
2023-11-06,4175.809215566152
2023-11-07,4321.662413095174
2023-11-08,4425.427174404268
2023-11-09,4259.2560873737575
2023-11-10,4335.318989675594
2023-11-11,4211.114153948746
2023-11-12,4281.69889953575
2023-11-13,4348.390009040401
2023-11-14,4400.820461283294
2023-11-15,4602.8326073759235
2023-11-16,4310.594806535089
2023-11-17,4610.465482651474
2023-11-18,4481.357950490542
2023-11-19,4522.51542269581
2023-11-20,4317.332980190665
2023-11-21,4490.51912557679
2023-11-22,4492.421307485516
2023-11-23,4550.86149111854
2023-11-24,4639.569506527244
2023-11-25,4450.641012053877
2023-11-26,4417.09773572756
2023-11-27,4377.820874676676
2023-11-28,4328.420740609267
2023-11-29,4324.527968976108
2023-11-30,4385.326462798195
2023-12-01,4526.766567981143
2023-12-02,4365.4456111340305
2023-12-03,4529.321222574811
2023-12-04,4343.487753150832
2023-12-05,4537.727846548583
2023-12-06,4507.203758080199
2023-12-07,4703.212115542548
2023-12-08,4581.955968329232
2023-12-09,4585.623110661771
2023-12-10,4671.926989128989
2023-12-11,4593.421010343546
2023-12-12,4712.160189987158
2023-12-13,4621.948768541059
2023-12-14,4444.55475923201
2023-12-15,4654.173187593063
2023-12-16,4411.01034931639
2023-12-17,4505.034475752306
2023-12-18,4425.767045832164
2023-12-19,4680.402541359949
2023-12-20,4443.876028368413
2023-12-21,4734.218758922008
2023-12-22,4436.507107098709
2023-12-23,4578.274880933268
2023-12-24,4605.081429014036
2023-12-25,4582.5548306877245
2023-12-26,4450.076785922789
2023-12-27,4477.604369290829
2023-12-28,4546.963645808254
2023-12-29,4522.31195213257
2023-12-30,4513.178639894436
2023-12-31,4698.933969102607
2024-01-01,4600.353213961405
2024-01-02,4608.847341948677
2024-01-03,4851.258445734312
2024-01-04,4714.402272146381
2024-01-05,4755.924108234054
2024-01-06,4857.2220618192605
2024-01-07,4562.350743680423
2024-01-08,4849.018401395684
2024-01-09,4770.658616856646
2024-01-10,4639.288278733709
2024-01-11,4892.778214425705
2024-01-12,4737.139123850018
2024-01-13,4587.76464436428
2024-01-14,4622.178843281384
2024-01-15,4868.5154439567805
2024-01-16,4807.053536255758
2024-01-17,4854.139374687207
2024-01-18,4638.137639812975
2024-01-19,4778.635380366067
2024-01-20,4819.565302854904
2024-01-21,4819.988381203268
2024-01-22,4597.21449408823
2024-01-23,4565.577299360046
2024-01-24,4794.962086813866
2024-01-25,4801.389083915275
2024-01-26,4690.563826484338
2024-01-27,4814.811554291128
2024-01-28,4735.6950300504295
2024-01-29,4741.458559780171
2024-01-30,4882.412828739396
2024-01-31,4631.314473433995
2024-02-01,4618.219712303542
2024-02-02,4653.507461130722
2024-02-03,4893.929479930194
2024-02-04,4927.125142545996
2024-02-05,4905.199010746558
2024-02-06,4630.387806800949
2024-02-07,5027.299590287154
2024-02-08,4664.203580673243
2024-02-09,4663.415937171638
2024-02-10,4667.946221834381
2024-02-11,4658.720811868062
2024-02-12,4865.838213247756
2024-02-13,4915.391789785497
2024-02-14,4870.82705465695
2024-02-15,4757.491359370183
2024-02-16,4989.546799275651
2024-02-17,4869.305232495245
2024-02-18,4950.758637678265
2024-02-19,4734.692581067558
2024-02-20,4710.583212101391
2024-02-21,5001.708618857493
2024-02-22,4897.872067888239
2024-02-23,4837.689647969902
2024-02-24,4841.163832113952
2024-02-25,5045.892798448978
2024-02-26,5011.344492833396
2024-02-27,4840.6712923319465
2024-02-28,4942.595674179566
2024-02-29,4798.170230276218
2024-03-01,4780.661312390043
2024-03-02,4888.9033139102985
2024-03-03,5002.251092191072
2024-03-04,5067.8673623548775
2024-03-05,5048.9596693939675
2024-03-06,4983.665255627846
2024-03-07,5024.181563629376
2024-03-08,4921.87860237569
2024-03-09,4975.482231528487
2024-03-10,4895.3621946299145
2024-03-11,5151.950388337849
2024-03-12,5153.93232359463
2024-03-13,5129.423409770317
2024-03-14,5115.398106422855
2024-03-15,5140.328633029238
2024-03-16,5193.903380416494
2024-03-17,5120.800539764575
2024-03-18,4870.190396744056
2024-03-19,5221.355773673933
2024-03-20,5212.415101225629
2024-03-21,5107.218149318888
2024-03-22,4884.312441234695
2024-03-23,4929.664920396686
2024-03-24,4872.369981573951
2024-03-25,5065.110869818771
2024-03-26,5262.2510813501785
2024-03-27,4890.323065112644
2024-03-28,4935.2862825202055
2024-03-29,5228.855397175208
2024-03-30,4944.302133877459
2024-03-31,4911.984391872626
2024-04-01,5236.071467154806
2024-04-02,4917.489219679115
2024-04-03,5178.891725651826
2024-04-04,5180.600095944425
2024-04-05,5084.068638459765
2024-04-06,4969.046885914578
2024-04-07,5069.894338644554
2024-04-08,5035.40053375421
2024-04-09,5282.216364722188
2024-04-10,5065.499020361848
2024-04-11,5274.469446523357
2024-04-12,5068.797822169172
2024-04-13,5206.594800498188
2024-04-14,5078.782190771716
2024-04-15,5156.197211469608
2024-04-16,5332.489790447644
2024-04-17,5335.233486843329
2024-04-18,5118.086145948909
2024-04-19,5382.098529082213
2024-04-20,5183.814167152752
2024-04-21,5187.490168130973
2024-04-22,5059.397324849142
2024-04-23,5412.80600425291
2024-04-24,5100.473936524543
2024-04-25,5410.198387032213
2024-04-26,5140.019620778877
2024-04-27,5432.34133424848
2024-04-28,5430.861278502363
2024-04-29,5127.418787563661
2024-04-30,5122.715730060677
2024-05-01,5099.536701632808
2024-05-02,5408.891279638621
2024-05-03,5444.836734092313
2024-05-04,5184.26217373183
2024-05-05,5207.941137545496
2024-05-06,5239.678698149031
2024-05-07,5282.936895951079
2024-05-08,5163.282958436574
2024-05-09,5242.1021146959065
2024-05-10,5335.348481213367
2024-05-11,5395.000191424763
2024-05-12,5236.999282592519
2024-05-13,5370.31858887459
2024-05-14,5358.018110470448
2024-05-15,5332.1251073782905
2024-05-16,5151.839160109398
2024-05-17,5247.41046832166
2024-05-18,5313.0592320727255
2024-05-19,5504.137902324275
2024-05-20,5181.125862800155
2024-05-21,5362.21079385923
2024-05-22,5545.588729834343
2024-05-23,5272.928339356374
2024-05-24,5483.2382578738725
2024-05-25,5217.779567219864
2024-05-26,5494.395708305908
2024-05-27,5189.571194707965
2024-05-28,5332.341695387553
2024-05-29,5365.354428686257
2024-05-30,5286.609363621404
2024-05-31,5243.1230842431905
2024-06-01,5565.946317444343
2024-06-02,5335.144514936621
2024-06-03,5394.564081840794
2024-06-04,5508.827662749694
2024-06-05,5623.489431525212
2024-06-06,5510.678906724925
2024-06-07,5525.139610213817
2024-06-08,5290.159502647022
2024-06-09,5387.330162636872
2024-06-10,5538.90127963037
2024-06-11,5344.6612040814125
2024-06-12,5425.86363669647
2024-06-13,5549.417430091469
2024-06-14,5460.601813679005
2024-06-15,5628.0541488937615
2024-06-16,5629.554888501799
2024-06-17,5604.314579470521
2024-06-18,5524.947263227101
2024-06-19,5635.9298621961325
2024-06-20,5633.725818935309
2024-06-21,5630.287696299796
2024-06-22,5601.253613503137
2024-06-23,5339.634358300113
2024-06-24,5460.004289857683
2024-06-25,5362.165553470031
2024-06-26,5417.831941700128
2024-06-27,5482.877199743052
2024-06-28,5585.520119323168
2024-06-29,5690.680015098292
2024-06-30,5501.55087011851
2024-07-01,5545.750469860509
2024-07-02,5503.631946149884
2024-07-03,5643.870282191955
2024-07-04,5402.333707646499
2024-07-05,5688.10804978926
2024-07-06,5720.820746481669
2024-07-07,5732.325839998372
2024-07-08,5711.732140748808
2024-07-09,5432.639593375033
2024-07-10,5583.943816093308
2024-07-11,5506.539870870916
2024-07-12,5519.386871169637
2024-07-13,5556.3125958089895
2024-07-14,5654.577314823492
2024-07-15,5803.681696865009
2024-07-16,5567.7395889071595
2024-07-17,5659.271431560399
2024-07-18,5618.315220320193
2024-07-19,5530.073510398658
2024-07-20,5787.466020427477
2024-07-21,5644.6466724602
2024-07-22,5753.0331638745365
2024-07-23,5651.194669136393
2024-07-24,5556.632656431748
2024-07-25,5550.596530610086
2024-07-26,5716.900038188021
2024-07-27,5882.5001647271865
2024-07-28,5677.141278270017
2024-07-29,5789.517104982298
2024-07-30,5560.068538859799
2024-07-31,5539.482298730615
2024-08-01,5793.658242872322
2024-08-02,5606.699540091298
2024-08-03,5724.9588954901765
2024-08-04,5582.039103258147
2024-08-05,5637.3395253707195
2024-08-06,5687.25160561376
2024-08-07,5629.476489854539
2024-08-08,5590.242672191757
2024-08-09,5662.214836673674
2024-08-10,5621.900296088291
2024-08-11,5914.584234130294
2024-08-12,5796.246912778216
2024-08-13,5924.730449368958
2024-08-14,5755.4393358989
2024-08-15,5978.027365714635
2024-08-16,5656.43788016853
2024-08-17,5698.216902897254
2024-08-18,5844.6906913891935
2024-08-19,5659.7219388342755
2024-08-20,5790.197214230575
2024-08-21,6001.018962675456
2024-08-22,5674.486790218577
2024-08-23,5841.579452082576
2024-08-24,5859.024398877727
2024-08-25,5661.167655713292
2024-08-26,5716.951036962737
2024-08-27,5942.295787462062
2024-08-28,5807.677906817339
2024-08-29,5932.644994292862
2024-08-30,5893.185314497677
2024-08-31,5804.421161861816
2024-09-01,6046.346063635017
2024-09-02,5954.334498354803
2024-09-03,5888.1626000481265
2024-09-04,5932.859000773186
2024-09-05,5716.266761048044
2024-09-06,5701.38880337526
2024-09-07,5728.856526982567
2024-09-08,5952.5423730315315
2024-09-09,5899.144076626689
2024-09-10,5804.64112857307
2024-09-11,5913.044710221704
2024-09-12,5872.418634640867
2024-09-13,5870.6139278113515
2024-09-14,6082.6479978911175
2024-09-15,5996.466743463972
2024-09-16,5942.6200567057895
2024-09-17,5875.46964839066
2024-09-18,6090.032455510095
2024-09-19,6049.620677177644
2024-09-20,6107.188169423575
2024-09-21,5839.795615663141
2024-09-22,6112.338706298342
2024-09-23,6164.2546306691165
2024-09-24,6032.014814810131
2024-09-25,5959.595722897194
2024-09-26,5963.841210024982
